<?xml version="1.0" encoding="UTF-8"?>
<project-private xmlns="http://www.netbeans.org/ns/project-private/1">
    <editor-bookmarks xmlns="http://www.netbeans.org/ns/editor-bookmarks/2" lastBookmarkId="0"/>
    <open-files xmlns="http://www.netbeans.org/ns/projectui-open-files/2">
        <group>
            <file>file:/C:/Users/elee/Desktop/CIS314/Assignment2/src/assignment2/Cone.java</file>
            <file>file:/C:/Users/elee/Desktop/CIS314/Assignment2/src/assignment2/Torus.java</file>
            <file>file:/C:/Users/elee/Desktop/CIS314/Assignment2/src/assignment2/AlreadyExistsException.java</file>
            <file>file:/C:/Users/elee/Desktop/CIS314/Assignment2/src/assignment2/Driver.java</file>
            <file>file:/C:/Users/elee/Desktop/CIS314/Assignment2/src/assignment2/Pyramid.java</file>
            <file>file:/C:/Users/elee/Desktop/CIS314/Assignment2/src/assignment2/ShapeManager.java</file>
        </group>
    </open-files>
</project-private>
