<?xml version="1.0" encoding="UTF-8"?>
<project-private xmlns="http://www.netbeans.org/ns/project-private/1">
    <editor-bookmarks xmlns="http://www.netbeans.org/ns/editor-bookmarks/2" lastBookmarkId="0"/>
    <open-files xmlns="http://www.netbeans.org/ns/projectui-open-files/2">
        <group>
            <file>file:/C:/Users/elee/Desktop/CIS314/Assignment1%20Alt/src/Vehicle.java</file>
            <file>file:/C:/Users/elee/Desktop/CIS314/Assignment1%20Alt/src/Point.java</file>
            <file>file:/C:/Users/elee/Desktop/CIS314/Assignment1%20Alt/src/TestDriver.java</file>
            <file>file:/C:/Users/elee/Desktop/CIS314/Assignment1%20Alt/src/Truck.java</file>
            <file>file:/C:/Users/elee/Desktop/CIS314/Assignment1%20Alt/src/Driver.java</file>
            <file>file:/C:/Users/elee/Desktop/CIS314/Assignment1%20Alt/src/InvalidParameterException.java</file>
        </group>
    </open-files>
</project-private>
