<?xml version="1.0" encoding="UTF-8"?>
<project-private xmlns="http://www.netbeans.org/ns/project-private/1">
    <editor-bookmarks xmlns="http://www.netbeans.org/ns/editor-bookmarks/1"/>
    <editor-bookmarks xmlns="http://www.netbeans.org/ns/editor-bookmarks/2" lastBookmarkId="0"/>
    <open-files xmlns="http://www.netbeans.org/ns/projectui-open-files/2">
        <group>
            <file>file:/C:/Users/elee/Desktop/CIS314/Javadoc/src/example/identification/IdentifiableImpl.java</file>
            <file>file:/C:/Users/elee/Desktop/CIS314/Javadoc/src/example/common/LocatableImplFactory.java</file>
            <file>file:/C:/Users/elee/Desktop/CIS314/Javadoc/src/example/movement/Movable.java</file>
            <file>file:/C:/Users/elee/Desktop/CIS314/Javadoc/src/example/common/Point3D.java</file>
            <file>file:/C:/Users/elee/Desktop/CIS314/Javadoc/src/example/movement/MovableImpl.java</file>
            <file>file:/C:/Users/elee/Desktop/CIS314/Javadoc/src/example/location/Locatable.java</file>
            <file>file:/C:/Users/elee/Desktop/CIS314/Javadoc/src/example/location/LocatableImpl.java</file>
        </group>
    </open-files>
</project-private>
