<?xml version="1.0" encoding="UTF-8"?>
<project-private xmlns="http://www.netbeans.org/ns/project-private/1">
    <editor-bookmarks xmlns="http://www.netbeans.org/ns/editor-bookmarks/2" lastBookmarkId="0"/>
    <open-files xmlns="http://www.netbeans.org/ns/projectui-open-files/2">
        <group>
            <file>file:/C:/Users/elee/Desktop/CIS314/Assignment3/src/assignment3/FileReader.java</file>
            <file>file:/C:/Users/elee/Desktop/CIS314/Assignment3/src/assignment3/Driver.java</file>
            <file>file:/C:/Users/elee/Desktop/CIS314/Assignment3/src/assignment3/FileContent.java</file>
            <file>file:/C:/Users/elee/Desktop/CIS314/Assignment3/src/assignment3/FileWriter.java</file>
        </group>
    </open-files>
</project-private>
